Product URL,Product Name,Product Price,Rating,Number of Reviews
https://www.amazon.in/Wesley-Milestone-Waterproof-Backpack-Business/dp/B084JGJ8PF/ref=ice_ac_b_dpb,Wesley Milestone 2.0 Casual Waterproof Laptop Backpack/Office Bag/School Bag/College Bag/Business Bag/Travel Backpack (Dimensions:13x18 inches) (Compatible with 15.6 inch laptop) 30 L (Blue & black),499,4.3 out of 5 stars,"13,211"
https://www.amazon.in/American-Tourister-AMT-SCH-02/dp/B07CJCGM1M,American Tourister Fizz Large Size 32 Ltrs Casual Backpack (BLACK),799,4.0 out of 5 stars,"56,326"
https://www.amazon.in/FUR-JADEN-Leatherette-Polypropylene-DUFF05/dp/B07M9BRCQ5,Fur Jaden Brown Textured Leatherette Stylish & Spacious Weekender Duffle Bag for Travel,799,4.3 out of 5 stars,"6,865"
https://www.amazon.in/Gear-Expandable-RainCover-Grey-Black-TLPTURBO00401/dp/B097KDRZ67,Gear Turbo 45L Expandable Water Resistant Antitheft Laptop Bag/Backpack/Briefcase For Men/Women With Raincover (Grey),"1,595",4.3 out of 5 stars,"1,208"
https://www.amazon.in/Safari-Laptop-Backpack-Raincover-college/dp/B097JH4V5G,"Safari Omega 30L Laptop Backpack with Raincover, school bag for boys and girls, college bag, office bag, travel bag for men and women, Teal",699,3.9 out of 5 stars,155
https://www.amazon.in/Lenovo-15-6-Inches-Everyday-Backpack/dp/B08R7RPVJF,"Lenovo 15.6"" (39.62cm) Slim Everyday Backpack, Made in India, Compact, Water-resistant, Organized storage:Laptop sleeve,tablet pocket,front workstation,2-side pockets,Padded adjustable shoulder straps",449,4.3 out of 5 stars,"5,243"
https://www.amazon.in/Wesley-Spartan-Hiking-Raincover-Organiser/dp/B098QFF5TJ,Wesley Spartan Unisex Travel Hiking Laptop Bag fits Upto 17.3 inch with Raincover and Internal Organiser Backpack Rucksack College Bag,689,4.1 out of 5 stars,"1,946"
https://www.amazon.in/Half-Moon-Backpack-Luggage-Compartment/dp/B09VCLZ3K4,Half Moon Large 37L Laptop Bag Backpack for menं Women Boys and Girls Luggage Travel Bags with 17.3 inches Laptop Compartment & Rain Cover,689,3.9 out of 5 stars,"3,834"
https://www.amazon.in/American-Tourister-AMT-SCH-BAG02/dp/B07CGLDV2C,American Tourister Casual Backpack,949,4.2 out of 5 stars,"4,179"
https://www.amazon.in/Impulse-Belux-Backpack-Resistant-Black/dp/B0CJHL12N9,Impulse Belux 45L Laptop Backpack/Office Bag/School Bag/College Bag/Business Bag/Travel Backpack Water Resistant Fits Up to 16 Inch Laptop with 1 Year Warranty,510,5.0 out of 5 stars,11
https://www.amazon.in/Skybags-Unisex-Polyester-Pattern-Hustle/dp/B07F342RQD,"Skybags Unisex Polyester Solid Pattern Hustle Df 55 (Orange, Small)","1,450",4.3 out of 5 stars,354
https://www.amazon.in/gp/bestsellers/luggage/2917444031/ref=sr_bs_11_2917444031_1,"Mi Step Out 12 L Mini Backpack (Small Size, Black, Water Repellant)",229,4.1 out of 5 stars,"10,261"
https://www.amazon.in/ADISA-BP010-Weight-Casual-Backpack/dp/B07MXL986B,ADISA 32 Ltrs Water Resistant Casual Travel Bagpack/College Backpack/School Office Bag for Men and Women,374,3.9 out of 5 stars,"4,289"
https://www.amazon.in/Half-Moon-Resistant-Backpack-Compartment/dp/B0BJ32LQ6X,Half Moon Large 37L Laptop Bag Backpack for menं Women Boys and Girls Luggage Travel Bags with 17.3 inches Laptop Compartment & Rain Cover,689,3.9 out of 5 stars,"3,834"
https://www.amazon.in/Gear-Classic-Leather-Backpack-LBPCLSLTH0519/dp/B07G4JQX2F,Gear Classic 20L Small Faux Leather Water Resistant Anti Theft Laptop Bag/Backpack for Men/Women (Navy-Tan),799,4.4 out of 5 stars,"6,794"
https://www.amazon.in/Number-Backpack-Compartment-Charging-Organizer/dp/B09VTDMRY7,"FUR JADEN Anti Theft Number Lock Backpack Bag with 15.6 Inch Laptop Compartment, USB Charging Port & Organizer Pocket for Men Women Boys Girls",699,4.1 out of 5 stars,"6,645"
https://www.amazon.in/ADISA-BP004-Weight-Casual-Backpack/dp/B07G3CG9FC,ADISA Laptop Backpack 31 Ltrs,349,4.0 out of 5 stars,"9,230"
https://www.amazon.in/Safari-45L-21-OB-BLK/dp/B07BZ5VC4H,Safari Seek 45 Ltrs Overnighter Expandable Travel Laptop Backpack,"2,299",4.5 out of 5 stars,"7,717"
https://www.amazon.in/Half-Moon-Waterproof-Backpack-Students/dp/B085MHDJ93,"Half Moon 35L Water Resistant 15.6 inch Laptop Bag/ Backpack, Navy Blue | Office Bag for Men and Women with Padded Laptop Compartment | Rain Cover & Reflective Strips",549,3.9 out of 5 stars,"17,594"
https://www.amazon.in/Gear-Classic-Leather-Backpack-LBPCLSLTH0201/dp/B07G4F6XFH,Gear Classic 20L Small Faux Leather Water Resistant Anti Theft Laptop Bag/Office Backpack for Men/Women - Brown,798,4.4 out of 5 stars,"6,238"
https://www.amazon.in/Wesley-Milestone-Waterproof-Backpack-Business/dp/B085S444JV,"Wesley Milestone 2.0 Casual Waterproof Laptop Backpack/Office Bag/School Bag/College Bag/Business Bag/Travel Backpack (Dimensions:13x18 inches) (Compatible with 15.6"" laptop) 30 L, Charcoal black",499,4.3 out of 5 stars,"13,211"
https://www.amazon.in/Weekender-Travel-Backpack-Organizer-Handles/dp/B0B34WJK3X,"FUR JADEN 40L Weekender Travel Laptop Backpack with Anti Theft Pocket, Organizer, 15.6 Inch Padded Laptop Sleeve and Dual Handles","1,099",4.3 out of 5 stars,"1,183"
https://www.amazon.in/gp/bestsellers/luggage/2917507031/ref=sr_bs_6_2917507031_1,Sfane Polyester 23cms Duffle/Shoulder/Gym Bag for Men & Women with Separate Shoe Compartment (Grey),365,4.3 out of 5 stars,"8,401"
https://www.amazon.in/gp/bestsellers/computers/1375468031/ref=sr_bs_7_1375468031_1,"Gizga Essentials Laptop Bag Sleeve Case Cover Pouch with Handle for 15.6 Inch Laptop for Men & Women, Padded Laptop Compartment, Premium Zipper Closure, Water Repellent Nylon Fabric, Grey",228,4.1 out of 5 stars,"3,395"
https://www.amazon.in/gp/bestsellers/luggage/2917436031/ref=sr_bs_8_2917436031_1,"Mi Step Out 12 L Mini Backpack (Small Size, Dark Blue, Water Repellant)",229,4.1 out of 5 stars,"10,261"
https://www.amazon.in/gp/bestsellers/kitchen/6802467031/ref=sr_bs_9_6802467031_1,"Amazon Brand - Presto! Oxo-Biodegradable Garbage Bags, Medium -(19 x 21 inches) - 30 bags/roll (Pack of 6, Black)",289,4.4 out of 5 stars,"35,876"
https://www.amazon.in/gp/bestsellers/luggage/2917436031/ref=sr_bs_10_2917436031_1,"Mi Step Out 12 L Mini Backpack (Small Size, Red, Water Repellant)",229,4.1 out of 5 stars,"10,261"
https://www.amazon.in/Safari-Pentagon-Polypropylene-55-Hardsided/dp/B097QP6L5K,"Safari Pentagon 55 Cms Small Cabin Polypropylene Hard Sided 4 Wheels 360 Degree Wheeling System Luggage/Suitcase/Trolley Bag, Cyan Blue","1,799",4.1 out of 5 stars,"3,569"
https://www.amazon.in/Arctic-Fox-Backpack-Charging-Laptop/dp/B089QB6D7B,Arctic Fox Slope Anti Theft 23 L Backpack with USB Charging Port 15 Inch Laptop Backpack (Marble Black),"1,299",4.5 out of 5 stars,"4,526"
https://www.amazon.in/Number-Backpack-Compartment-Charging-Organizer/dp/B09VTCNN75,"FUR JADEN Anti Theft Number Lock Backpack Bag with 15.6 Inch Laptop Compartment, USB Charging Port & Organizer Pocket for Men Women Boys Girls",639,4.1 out of 5 stars,"6,645"
https://www.amazon.in/gp/bestsellers/kitchen/1380564031/ref=sr_bs_14_1380564031_1,"Storite 2 Pack Moisture Proof Nylon Large Size Underbed Storage Bag For Clothes (54 x 46 x 28 cm) - Black, Rectangular",559,4.4 out of 5 stars,"18,114"
https://www.amazon.in/Genie-Ltrs-School-Backpack-CAMELLIA17SBPIN/dp/B07QHMKHWH,"Genie Camellia School Bag for Girls, 17 inch Backpack for Women, 3 compartments Water Resistant Stylish and Trendy College Backpacks for Girls",799,4.2 out of 5 stars,"3,733"
https://www.amazon.in/ADISA-Laptop-Backpack-Office-College/dp/B09TPX22NF,ADISA 15.6 inch laptop backpack office bag college travel back pack 32 Ltrs,399,3.9 out of 5 stars,"1,393"
https://www.amazon.in/POLE-STAR-Polyester-Backpack-Compartment/dp/B07D6NXR2Q,"POLESTAR Amaze 15.6 inch 30 LTR Casual Laptop Backpack/Office Bag/School Bag/College Bag/Business Bag/Unisex Backpack, Water Resistant and Light Weight, 1 year Warranty",549,4.0 out of 5 stars,"6,169"
https://www.amazon.in/American-Tourister-BACKPACK-COMPARTMENT-ORGANIZER/dp/B0BTD4S4XF,American Tourister Valex 28 Ltrs Large Laptop Backpack with Bottle Pocket and Front Organizer- Black,"1,399",4.3 out of 5 stars,"1,338"
https://www.amazon.in/AirCase-15-6-Inch-MacBook-Protective-Neoprene/dp/B07Z1YVP72,"AirCase Protective Laptop Bag Sleeve fits Upto 15.6"" Laptop/MacBook, Wrinkle Free, Padded, Waterproof Light Neoprene case Cover Pouch, for Men & Women, Black- 6 Months Warranty",399,4.3 out of 5 stars,"11,435"
https://www.amazon.in/HP-15-6-inch-Backpacks-Pass-Through-793A6AA/dp/B0BYDXVM5Q,HP 320 15.6-inch Backpacks/Trolley Pass-Through; Padded Back Panel; Padded air mesh Panel/Hand wash and air Dry/Padded Laptop Pocket/1 Year Limited Warranty (793A6AA),599,4.1 out of 5 stars,59
https://www.amazon.in/American-Tourister-BACKPACK-COMPARTMENT-ORGANIZER/dp/B0BTD4FK9G,American Tourister Valex 28 Ltrs Large Laptop Backpack with Bottle Pocket and Front Organizer- Blue,999,4.2 out of 5 stars,917
https://www.amazon.in/ROZEN-partition-Collage-Backpack-SKYBLUE/dp/B0BRTFGG22,"ROZEN 47 Ltrs, 46 cms School Bag Class 5-12 Large 5 partition Laptop Collage Office Travel Backpack Unisex",697,4.1 out of 5 stars,342
https://www.amazon.in/Essentials-Sleeve-Microsoft-Surface-Go/dp/B07LFWP97N,"Gizga Essentials Laptop Bag Sleeve Case Cover Pouch with Handle for 14.1 Inch Laptop for Men & Women, Padded Laptop Compartment, Premium Zipper Closure, Water Repellent Nylon Fabric, Grey",228,4.1 out of 5 stars,"2,065"
https://www.amazon.in/gp/bestsellers/shoes/1983355031/ref=sr_bs_8_1983355031_1,Lavie Women's Beech Satchel Bag | Ladies Purse Handbag,"1,249",4.2 out of 5 stars,"4,496"
https://www.amazon.in/Impulse-Diggy-Backpack-Business-Resistant/dp/B0CJHV6RTS,Impulse Diggy 35L Laptop Backpack/Office Bag/School Bag/College Bag/Business Bag/Travel Backpack Water Resistant Fits Up to 16 Inch Laptop with 1 Year Warranty,399,4.1 out of 5 stars,21
https://www.amazon.in/MY-FAV-Resistant-Polyester-Lightweight/dp/B0BS1GGW8Q,"MY FAV Water Resistant Polyester Backpack for Men/Women Travel, Business, College with Smooth Runner Zipper and Lightweight Casual Bag (11.5 Liter)",177,3.3 out of 5 stars,27
https://www.amazon.in/AmazonBasics-Vacuum-Compression-Storage-Bags/dp/B07RSCPH4N,"amazon basics Vacuum Compression Storage Bags with Hand Pump - Large, 5-Pack",599,4.4 out of 5 stars,"11,722"
https://www.amazon.in/Shalimar-Premium-Garbage-Medium-Rolls/dp/B07KT9Q54M,Shalimar Premium OXO - Biodegradable Garbage Bags (Medium) Size 48 cm x 56 cm 4 Rolls 120 Bags Dustbin Bag/Trash Bag - Black Color,269,4.5 out of 5 stars,"18,715"
https://www.amazon.in/ADISA-Casual-Backpack-College-BP046-NAV_Navy/dp/B0BX3QFVSM,ADISA 31 Ltrs Casual Backpack School College Bag Pack,349,4.0 out of 5 stars,347
https://www.amazon.in/Safari-Swagpack-Backpack-Compartments-Raincover/dp/B09B25QMKY,Safari Swagpack 35 Ltrs Large Laptop Backpack With 3 Compartments and Raincover - Black (SWAGPACK19CBBLK),999,3.6 out of 5 stars,548
https://www.amazon.in/Amazon-Brand-Presto-Oxo-Biodegradable-Garbage/dp/B0821PKWBW,"Presto! Oxo-Biodegradable Garbage Bags, Small - 30 bags/roll (Pack of 6, plastic, Black)",259,4.3 out of 5 stars,"15,900"
https://www.amazon.in/SFANE-Duffel-Shoulder-Women-Compartment/dp/B07ZC77WTW,"SFANE Polyester 23 cms Navy Blue Gym Bag, Shoulder Bag, Sports Bag for Men & Women with Separate Shoes Compartment (Blue)",413,4.3 out of 5 stars,"3,159"
https://www.amazon.in/Amazon-Brand-Presto-Oxo-Biodegradable-Garbage/dp/B0821PYKVK,"Presto! Oxo-Biodegradable Garbage Bags, Large (24 x 32 inches) - 15 bags/roll (Pack of 6, Black, plastic)",299,4.3 out of 5 stars,"10,308"
https://www.amazon.in/gp/bestsellers/computers/1375464031/ref=sr_bs_2_1375464031_1,TRUE HUMAN EMPEROR® Anti-Theft backpack With USB charging Port Laptop bag/Office bag/college bag/travel bag with anti -theft back pocket (LEGEND),529,3.7 out of 5 stars,"2,763"
https://www.amazon.in/Zipline-Nexa-Resistant-Bagpack-Backpack/dp/B08WQ668WJ,Zipline Unisex Casual Polyester 36 L Backpack School Bag Women Men Boys Girls Children Daypack College Bag Book School Sports Bag,843,3.6 out of 5 stars,"1,044"
https://www.amazon.in/AirCase-13-Inch-13-3-Inch-MacBook-Neoprene/dp/B07Z1X6VFC,"AirCase Protective Laptop Bag Sleeve fits Upto 13.3"" Laptop/MacBook Pro/Air M1/M2, Wrinkle Free, Padded, Waterproof Light Neoprene case Cover Pouch, for Men & Women, Black- 6 Months Warranty",399,4.4 out of 5 stars,"11,210"
https://www.amazon.in/Ezee-Garbage-Bag-inches-Pieces/dp/B06VX8YR6Q,Ezee Black Medium Garbage Bags 90 Pcs | 19 X 21 Inch | 30 Pcs x Pack of 3 | Dustbin Trash Bag,155,4.2 out of 5 stars,"28,672"
https://www.amazon.in/Lipton-Honey-Lemon-Green-Pieces/dp/B01HMQ4HLW,"Lipton Honey Lemon Green Tea Bags 100 pcs, All Natural Flavour, Zero Calories - Improves Metabolism & Reduces Waist",482,4.4 out of 5 stars,Green
https://www.amazon.in/Half-Moon-Travelling-Rucksack-Compartment/dp/B09WDGZ32L,Half Moon 55 litres Travelling Laptop Bag/Rucksack Backpack for Luggage Travel Journey Trekking Hiking Bags for Men Women Boys and Girls with Laptop Compartment & Rain Cover,799,3.9 out of 5 stars,639
https://www.amazon.in/Lunars-Comet-Resistant-Casual-Backpack/dp/B07WN833M7,Lunar's Comet 35L Water Resistant Travel Bagpack/College Backpack/School Bag/Office Bag/Business Backpack/Daypack for Men and Women with 1 Year Warranty,747,4.0 out of 5 stars,"13,845"
https://www.amazon.in/Lenovo-Laptop-Backpack-15-6-Inch-GX40Q17225/dp/B075Y72PHZ,"Lenovo 15.6"" Casual Backpack B210",799,4.1 out of 5 stars,"19,975"
https://www.amazon.in/gp/bestsellers/shoes/1983352031/ref=sr_bs_10_1983352031_1,INOVERA Faux Leather Women Handbags Shoulder Hobo Bag Purse With Long Strap,"1,239",4.2 out of 5 stars,"8,975"
https://www.amazon.in/ADISA-Laptop-Backpack-Office-College/dp/B0BPTV3795,ADISA 32L large laptop backpack office bag college travel back pack with rain cover,449,3.8 out of 5 stars,436
https://www.amazon.in/Safari-Laptop-Backpack-Resistant-Fabric/dp/B09B25Z8M2,Safari Quill Large Laptop Backpack 26 Ltrs Water Resistant Fabric - Black,799,3.9 out of 5 stars,"1,112"
https://www.amazon.in/Swisslook-Polyester-15-6-inch-Backpack-Waterproof/dp/B07XYTZP4Z,Red Lemon Swisslook Polyester Bange Series 45L 15.6-inch Laptop Bags Backpack for Men and Women Semi Waterproof USB with Anti Theft Pocket Travel Backpack,"2,699",4.3 out of 5 stars,"1,879"
https://www.amazon.in/Police-Polyester-Black-Laptop-Backpack/dp/B078S7GB96,POLICE Backpack Laptop Bag for Men Casual Backpack Office/Travel/College 30 Ltr Hedge Polyester - Black,"1,499",4.2 out of 5 stars,"4,170"
https://www.amazon.in/NORTH-ZONE-Lightweight-Backpacks-Stylish/dp/B0BL3SPN16,NORTH ZONE Lightweight school bags Backpacks for Boys Girls Stylish men and women Casual Travel Laptop Bag College office,496,4.0 out of 5 stars,"1,114"
https://www.amazon.in/Shalimar-Premium-Garbage-Medium-Black/dp/B016DCB9OO,Shalimar Premium OXO - Biodegradable Garbage Bags 19 X 21 Inches (Medium) 180 Bags (6 Rolls) Dustbin Bag/Trash Bag - Black Color,406,4.5 out of 5 stars,"15,487"
https://www.amazon.in/Arctic-Fox-Backpack-Charging-Laptop/dp/B089QBD333,Arctic Fox Slope Anti Theft 23 L Backpack with USB Charging Port 15 Inch Laptop Backpack (Marble Black),"1,299",4.5 out of 5 stars,"4,526"
https://www.amazon.in/Nivia-6853BKGR-Polyester-Black-Grey/dp/B07NLB6FRS,NIVIA Basic Duffle Polyester Bag/Gym Bags/Adjustable Shoulder Bag for Men/Duffle Gym Bags for Men/Fitness Bag/Carry Bags/Sports & Travel Bag/Sports Kit/Duffle Bags Travel,219,4.0 out of 5 stars,"4,170"
https://www.amazon.in/gp/bestsellers/electronics/1389022031/ref=sr_bs_3_1389022031_1,"Dyazo Water Resistant Camera Bag/Case Shoulder Strap Space for Photography Lens and Accessories Compatible for Nikon, Canon, Sony, Panasonic, Samsung & Other SLR/DSLR etc (Black & Silver)",698,4.2 out of 5 stars,726
https://www.amazon.in/Home-Puff-Insulated-Lightweight-Multiple/dp/B0B42KFBDM,"Home Puff Lunch Bag for Women & Men, Insulated Lunch Bag, Tiffin Lunch Bag for Office/College/School, Bottle Holder, Lightweight, Durable Handles, Multiple Pockets, with Warranty, Made in India, Grey",299,4.3 out of 5 stars,633
https://www.amazon.in/Puma-Carry-Unisex-Duffel-Bag/dp/B089T8PKSQ,Puma Unisex Duffle Bag IND,"1,049",4.0 out of 5 stars,403
https://www.amazon.in/AmazonBasics-Vacuum-Compression-Storage-Bags/dp/B07RP7TJVT,"amazon basics Plastic Amazonbasics Vacuum Compression Storage Bags With Hand Pump - 15-Pack (2 X-Jumbo, 5 Jumbo, 4 Large, 4 Medium)","1,499",4.3 out of 5 stars,"16,422"
https://www.amazon.in/Backpack-Business-Backpacks-Charging-Resistant/dp/B094DGXXR5,"FUR JADEN Travel Laptop Backpack, Business Backpacks with USB Charging Port, Water Resistant College School Computer Bag for Men & Women Fits Under 15.6 inch Laptop and Notebook",999,4.2 out of 5 stars,385
https://www.amazon.in/ZIPLINE-Polyester-Backpack-Children-Daypack/dp/B07XVMR33Q,Zipline Unisex casual polyester 36 L Backpack School Bag Women Men Boys Girls children Daypack College Bag Book School Sports Bag Weekend Bag,843,4.0 out of 5 stars,"6,673"
https://www.amazon.in/gp/bestsellers/luggage/2917450031/ref=sr_bs_9_2917450031_1,Skybags Trooper 65 cms Medium Check-in Polycarbonate Hardsided 4 Wheels Spinner Luggae/Suitcase/Trolley Bag- Blue and White,"2,699",4.2 out of 5 stars,"19,881"
https://www.amazon.in/SAFARI-Ltrs-Casual-Backpack-DAYPACKNEO15CBSEB/dp/B07Q7CNPMV,Safari Small Size 15 Ltrs Unisex Casual Backpack - Sea Blue,352,4.0 out of 5 stars,"21,262"
https://www.amazon.in/ZOUK-Printed-Handmade-Leather-handles/dp/B07NHYLTY7,ZOUK Black Floral Printed Handmade Vegan Leather Women's Office Bag for 15.6 inch Laptop with double handles - FloMotif,"1,549",4.3 out of 5 stars,"1,098"
https://www.amazon.in/Bennett-Polyester-Drax-Ultrabook-Surfacepro/dp/B091NZ9MYB,Bennett Khadi and Polyester Drax Laptop Bag Sleeve Case Cover Pouch for 15/15.6 inches Laptop Apple/Dell/Lenovo/ASUS/Hp/Samsung/Mi/MacBook/Ultrabook/Thinkpad/Idea Pad/Surfacepro for Laptops (Blue),257,4.1 out of 5 stars,"4,334"
https://www.amazon.in/Nivia-5183-Polyester-Duffle-Medium/dp/B071KNXQ7Y,NIVIA Beast Gym Bag-4 Polyester/Unisex Gym Bags/Shoulder Bag for Men & Women with Separate Shoes Compartment/Carry Gym Accessories/Fitness Bag/Sports & Travel Bag/Sports Kit,489,4.2 out of 5 stars,"3,671"
https://www.amazon.in/Arctic-Fox-Liters-String-Backpack/dp/B08L6Q9V1H,Arctic Fox 15 Liters Draw String Bag Lavender Backpack,199,4.2 out of 5 stars,"3,761"
https://www.amazon.in/Hilfiger-Joshua-Backpack-TH-JOSHUALAP01/dp/B07N8GRWTZ,Tommy Hilfiger Joshua Polyester 20.61L Laptop Backpack For Unisex - Black,"1,599",4.2 out of 5 stars,662
https://www.amazon.in/gp/bestsellers/luggage/2917444031/ref=sr_bs_0_2917444031_1,"Mi Step Out 12 L Mini Backpack (Small Size, Sky Blue, Water Repellant)",229,4.1 out of 5 stars,"10,261"
https://www.amazon.in/WILDHORN-Backpack-Compartment-Business-Stitching/dp/B09QL81ZHB,"WildHorn 31L Laptop Backpack for Men/Women I Fits upto 15.6"" Laptop I Waterproof I Travel/Business/College Bookbags",599,4.1 out of 5 stars,"1,967"
https://www.amazon.in/Safari-Laptop-Backpack-Compartments-Resistant/dp/B09B27CYC4,"Safari Snap 35 Ltrs Large Laptop Backpack With 3 Compartments, Water Resistant Fabric - Black (SNAP19CBBLK)",999,3.8 out of 5 stars,355
https://www.amazon.in/BP1501-15-6-inch-Gaming-Laptop-Backpack/dp/B081RLHHCY,Asus ROG BP1501 39.62 cm (15.6-inch) Gaming Laptop Backpack (Black),"1,199",4.3 out of 5 stars,"1,031"
https://www.amazon.in/Half-Moon-Laptop-Backpack-Polyester/dp/B09CMS3K2S,Half Moon 30L Water Resistant 15.6 inch Laptop Bag/Backpack for Men | School Bag for Boys Girls | Office Bag pack for Men/Office Back Packed for Women with Padded Laptop Compartment,459,3.6 out of 5 stars,112
https://www.amazon.in/Half-Moon-Laptop-Bag-Compartment/dp/B0C1NZLF67,Half Moon Valex Unisex School Bag/ 15.6 inch Laptop Backpack/College Bagpack/Office Back Packed | Laptop Bag for Men Women | School Bags for Boys & Girls with Small Pockets & Laptop Compartment,549,3.7 out of 5 stars,163
https://www.amazon.in/Amazon-Brand-Presto-Oxo-Biodegradable-Garbage/dp/B0821QGBDY,"Presto! Oxo-Biodegradable Garbage Bags, XL (30 x 37 inches) - 10 bags/roll (Pack of 6, Black, plastic)",389,4.4 out of 5 stars,"2,104"
https://www.amazon.in/Handcuffs-Multifunctional-Maternity-Backpack-Nursing/dp/B09413KB4K,Handcuffs Baby Diaper Bag Multifunctional Maternity Bags New Mom Dad Travel Backpack For Baby Care Nursing (Black),"1,186",4.2 out of 5 stars,555
https://www.amazon.in/ADISA-Laptop-Backpack-Office-College/dp/B0BPVCBFM7,ADISA 32L large laptop backpack office bag college travel back pack with rain cover,449,3.8 out of 5 stars,436
https://www.amazon.in/Newtone-Premium-OXO-Biodegradable-Garbage/dp/B08M5S2NQM,"Newtone Premium OXO - Biodegradable Garbage Bags (Small) Size 43 cm x 51 cm (Dustbin Bag/Trash Bag) (Green Colour) (Pack of - 6, Small)",182,4.2 out of 5 stars,"1,889"
https://www.amazon.in/Lenovo-Carrying-15-6-Inch-Toploader-GX40Q17229/dp/B075Y6Y9H5,Lenovo 15.6-inch Casual Laptop Briefcase T210,799,4.2 out of 5 stars,"21,634"
https://www.amazon.in/Half-Moon-College-Spacious-Multiple/dp/B0C23Z9W18,Half Moon Aztec 37L School Bag Class 5-12 | College Bagpack for Men/College Back pack for Women | 15.6 inch Laptop Bag for Men/Backpack for Men | Spacious & Multiple Pockets,529,3.5 out of 5 stars,352
https://www.amazon.in/Dell-Essential-Backpack-15-ES1520P/dp/B07TTCXHRH,Dell Essential Backpack 15 (ES1520P),"1,035",4.0 out of 5 stars,"6,881"
https://www.amazon.in/Aristocrat-Ltrs-Black-Rucksack-Duro/dp/B07VB76WL9,Aristocrat 45 Ltrs Black Rucksack,"1,350",4.1 out of 5 stars,357
https://www.amazon.in/Tetley-Green-Lemon-Honey-Bags/dp/B00MGFZGVK,"Tetley Green Tea, Lemon And Honey, 100 Tea Bags, 140 Grams",421,4.3 out of 5 stars,Ginger
https://www.amazon.in/gp/bestsellers/kitchen/8464314031/ref=sr_bs_15_8464314031_1,"amazon basics Vacuum Compression Storage Bags with Hand Pump - Medium, 5-Pack",499,4.4 out of 5 stars,"7,805"
https://www.amazon.in/G-1-Medium-Disposable-Garbage-Dustbin/dp/B077RJ1YMW,G 1 Disposable Garbage / Dustbin Bags | Medium Size | Pack of 4 | 30 Bags/Pack | Black Color | 19X21 Inches (Plastic),208,4.2 out of 5 stars,"15,739"
https://www.amazon.in/NORTH-ZONE-Lightweight-Backpacks-Stylish/dp/B0BL3SPN16,NORTH ZONE Lightweight school bags Backpacks for Boys Girls Stylish men and women Casual Travel Laptop Bag College office,496,4.0 out of 5 stars,"1,114"
https://www.amazon.in/Shalimar-Premium-Garbage-Extra-Colour/dp/B07KSZTYWX,Shalimar Premium OXO - Biodegradable Garbage Bags 30 X 37 Inches (Extra Large) 60 Bags (4 rolls) Dustbin Bag/Trash Bag - Black Color,494,4.5 out of 5 stars,"1,457"
https://www.amazon.in/AirCase-shoulder-waterproof-polyester-warranty/dp/B0B619LH6H,"AirCase premium laptop bag with handle & shoulder strap fits upto 15.6"" laptop/ macbook, wrinkle free, padded, waterproof light polyester case cover sleeve pouch, for men & women, Black- 6 months warranty",509,4.2 out of 5 stars,94
https://www.amazon.in/TRAWOC-60LTravel-Backpack-Trekking-Rucksack/dp/B07YYG5G31,"TRAWOC 60 Liter Travel Backpack Hiking Trekking Bag Camping Rucksack, 1 Year Warranty, HK006","1,567",4.3 out of 5 stars,"1,444"
https://www.amazon.in/Kleeno-Cello-Clean-Garbage-Medium/dp/B09C284CTH,Kleeno by cello OXO - Biodegradable Garbage Bags Medium Size 48 cm x 53 cm 2 Pouch 30 Bags Dustbin Bag/Trash Bag,84,4.0 out of 5 stars,2
https://www.amazon.in/TRUE-Emperor-Anti-Theft-backpack-charging/dp/B0BYB631NR,"TRUE HUMAN® Emperor Anti-Theft Pocket backpack With USB charging Port Laptop,office,college,travel bag for men and women(Epower)",499,3.7 out of 5 stars,458
https://www.amazon.in/Stylbase-Trends-Polyester-Character-Embossed/dp/B0BNL2PBPH,"Stylbase 15 inches Kids 3D Cartoon Backpack - Lightweight, Waterproof, Adjustable Shoulder Straps, 3 Compartments, Bottle Holder - Perfect for School and Outdoor Adventures",551,4.0 out of 5 stars,211
https://www.amazon.in/Fastrack-Womens-Sling-Bag-Black/dp/B07MGXR7LT,Fastrack Women's Sling Bag (Black),"1,345",4.0 out of 5 stars,80
https://www.amazon.in/Red-Lemon-15-6-inch-Backpacks-Travelling/dp/B0CGZLZRNZ,"Red Lemon Titan Ultrafit Bange Series 15.6-inch Laptop Bags Backpacks for Men and Women 45L&35L Outdoor and Camping 3in1 Office Bags,Travelling,Backpack","3,597",4.3 out of 5 stars,329
https://www.amazon.in/LOOKMUSTER-Waterproof-Backpack-College-Business/dp/B0BS6YGKMC,LOOKMUSTER Casual Waterproof Laptop Backpack/Office Bag/School Bag/College Bag/Business Bag/Travel Backpack…,434,4.0 out of 5 stars,59
https://www.amazon.in/Amazon-Basics-Casual-Backpack-15-6-inch/dp/B09W4WJ1CB,Amazon Basics 20 ltrs Casual/Travel/College Backpack for 15.6-inch Laptop | Water Resistant Fabric,359,4.0 out of 5 stars,416
https://www.amazon.in/Kuber-Industries-Polyester-Embroidered-CTKTC04387/dp/B07NJ8J98M,"Kuber Industries Women's Polyester Embroidered Potli Bag, Maroon (CTKTC04387)",533,3.6 out of 5 stars,43
https://www.amazon.in/Business-Casual-Compartment-Resistant-Backpack/dp/B08N6HSJJ5,URBAN WOLF 30L Casual Dual Compartment Water Resistant Laptop Backpack Unisex Bags for Office/Travel/Business/College/School (Black),749,3.9 out of 5 stars,"1,016"
https://www.amazon.in/Travel-Duffle-Weekend-Luggage-Sports/dp/B086PYLWS3,Fur Jaden 25L Travel Duffle Bag for Weekend Trip Cabin Luggage and Gym Sports Duffle for Men and Women,629,4.1 out of 5 stars,962
https://www.amazon.in/Amazon-Basics-Laptop-College-Backpack/dp/B0C8NSJ4RD,"Amazon Basics Opel Laptop Bag/Office/College Backpack for 15.6 inch laptop(20 L, Grey)",499,4.0 out of 5 stars,7
https://www.amazon.in/Red-Lemon-15-6-inch-Backpacks-Travelling/dp/B0CGZLZRNZ,"Red Lemon Titan Ultrafit Bange Series 15.6-inch Laptop Bags Backpacks for Men and Women 45L&35L Outdoor and Camping 3in1 Office Bags,Travelling,Backpack","3,597",4.3 out of 5 stars,329
https://www.amazon.in/LOOKMUSTER-Waterproof-Backpack-College-Business/dp/B0BS6YGKMC,LOOKMUSTER Casual Waterproof Laptop Backpack/Office Bag/School Bag/College Bag/Business Bag/Travel Backpack…,434,4.0 out of 5 stars,59
https://www.amazon.in/Safari-Sheild-Resistant-Casual-Backpack/dp/B09B26T7KQ,Safari Sheild 26 Ltrs Water Resistant Casual Backpack - (SHEILD19CBBLK),604.,3.9 out of 5 stars,"1,237"
https://www.amazon.in/Amazon-Basics-Casual-Backpack-15-6-inch/dp/B09W4WJ1CB,Amazon Basics 20 ltrs Casual/Travel/College Backpack for 15.6-inch Laptop | Water Resistant Fabric,359,4.0 out of 5 stars,416
https://www.amazon.in/Travel-Duffle-Premium-Leatherette-Medium/dp/B086MZDG7H,Fur Jaden Tan Leatherette Gym Bag for Men Women Boys Girls Travel Duffle Weekender Bag 23L,479,4.3 out of 5 stars,"1,843"
https://www.amazon.in/Kuber-Industries-Polyester-Embroidered-CTKTC04387/dp/B07NJ8J98M,"Kuber Industries Women's Polyester Embroidered Potli Bag, Maroon (CTKTC04387)",533,3.6 out of 5 stars,43
https://www.amazon.in/Safari-Polycarbonate-Midnight-Hardsided-RAY534WMBL/dp/B07WHLHXB9,"Safari RAY 53 Cms Small Cabin Polypropylene Hard Sided 4 Wheels 360 Degree Wheeling System Luggage/Suitcase/Trolley Bag, Midnight Blue","1,599",4.1 out of 5 stars,"4,328"
https://www.amazon.in/Business-Casual-Compartment-Resistant-Backpack/dp/B08N6HSJJ5,URBAN WOLF 30L Casual Dual Compartment Water Resistant Laptop Backpack Unisex Bags for Office/Travel/Business/College/School (Black),749,3.9 out of 5 stars,"1,016"
https://www.amazon.in/gp/bestsellers/luggage/2917442031/ref=sr_bs_8_2917442031_1,DEIN KLEIDER Men's Nylon Messenger Bag,346,4.0 out of 5 stars,"5,541"
https://www.amazon.in/SPENZ-BAGS-Backpack-Raincover-Mahogany-Brown/dp/B0C3RN6QSC,"SPENZ BAGS Travel Laptop Backpack for Women & Men|Carry On Bag, College & School Students Bookbag With Raincover",829,3.9 out of 5 stars,244
https://www.amazon.in/Gear-DOUBLE-Resistant-Backpack-Navy-Tan/dp/B0BTJ2T26W,Gear Double Decker 31L Large Water Resistant Faux Leather Anti-Theft Laptop Bag/Backpack/Office Bag for Men/Women (Navy-Tan),985,3.6 out of 5 stars,45
https://www.amazon.in/Nivia-6853BKGR-Polyester-Black-Grey/dp/B07NLB6FRS,NIVIA Basic Duffle Polyester Bag/Gym Bags/Adjustable Shoulder Bag for Men/Duffle Gym Bags for Men/Fitness Bag/Carry Bags/Sports & Travel Bag/Sports Kit/Duffle Bags Travel,219,4.0 out of 5 stars,"4,170"
https://www.amazon.in/Corduroy-Reusable-Shopping-Washable-Shoulder/dp/B0BNX437F8,PALAY® Tote Bags For Women Bag Corduroy Large Capacity Reusable Shopping Bag Washable Shoulder Bags HandBags for School Work Shopping Travel Daily Use Grocery,488,4.3 out of 5 stars,99
https://www.amazon.in/AmazonBasics-Vacuum-Compression-Storage-Bags/dp/B07RP7WHHY,"amazon basics PlasticVacuum Compression Storage Bags With Hand Pump - 6-Pack (2 Jumbo, 2 Large, 2 Medium)",749,4.4 out of 5 stars,"9,264"
https://www.amazon.in/gp/bestsellers/luggage/2917450031/ref=sr_bs_14_2917450031_1,Skybags Trooper 55 Cms Small Cabin Polycarbonate Hard Sided 4 Spinner Wheels Luggage/Suitcase/Trolley Bag- Red and White,"2,699",4.2 out of 5 stars,"19,881"
https://www.amazon.in/Wildcraft-Music-Backpack-Green-11954/dp/B07N2SBX54,Wildcraft Unisex Zip Closure Backpack (Green_Free Size),"1,019",4.4 out of 5 stars,384
https://www.amazon.in/gp/bestsellers/luggage/1984997031/ref=sr_bs_0_1984997031_1,"Fur Jaden 55 LTR Rucksack Travel Backpack Bag for Trekking, Hiking with Shoe Compartment",749,4.3 out of 5 stars,"5,876"
https://www.amazon.in/Shalimar-Premium-Garbage-Extra-Colour/dp/B07KSZTYWX,Shalimar Premium OXO - Biodegradable Garbage Bags 30 X 37 Inches (Extra Large) 60 Bags (4 rolls) Dustbin Bag/Trash Bag - Black Color,494,4.5 out of 5 stars,"1,457"
https://www.amazon.in/Red-Lemon-Business-Backpack-Waterproof/dp/B09ZYNHVKZ,"Red Lemon BANGE Captain Business Smart Backpack Waterproof fit 15.6 Inch Laptop Backpack with USB Charging Port,Travel Durable Backpack for Men and Women","3,497",4.5 out of 5 stars,443
https://www.amazon.in/Tabelito-NEO-Backpack-Business-Compartment/dp/B0C2D2Q52R,"Tabelito® NEO 3O L Water Resistant Laptop/College/Office/School/Travel/Business Bag, Unisex Backpack for Men Women Fits Up to 15.6 Inch Laptop Notebook.",349,3.8 out of 5 stars,293
https://www.amazon.in/ROZEN-Fabric-Travel-Luggage-Duffle/dp/B085QMBX8H,"ROZEN Heavy Dutty Polyester Fabric Travel Duffle Bag (Sky Blue, 50 L, 22Inch)",628,3.9 out of 5 stars,"2,520"
https://www.amazon.in/Ezee-Garbage-Bag-Pieces-Medium/dp/B06VX7PDXC,Ezee Black Large Garbage Bags 30 Pcs | 24 x 32 Inch | 15 Pcs x Pack of 2 | Dustbin Trash Bag,119,4.3 out of 5 stars,"10,339"
https://www.amazon.in/Purple-Tree-Canvas-Tote-Women/dp/B07PLCCQVC,The Purple Tree Canvas Stylish Printed Tote Bag For Women (Pack Of 1) Tbag00270,349,4.1 out of 5 stars,163
https://www.amazon.in/Lenovo-Professional-Backpack-Water-resistant-Uncompromised/dp/B08R7S55H4,"Lenovo 15.6"" Professional Backpack, Made in India, Water-resistant,Uncompromised storage, Travel friendly:Fleece-lined PC compartment,Vented,Padded BackPanel & Adjustable shoulder straps,Luggage strap",705,4.3 out of 5 stars,"1,093"
https://www.amazon.in/Gear-Inspired-Moving-training-DUFINDAVMVG05/dp/B08DV7YZL6,Gear Inspired Alive Moving 33L Large Water Resistant Travel Duffle Bag/Gym Bag/Sports Duffle for Men/Women (Blue),399,4.3 out of 5 stars,"1,338"
https://www.amazon.in/BennettTM-Shoulder-Messenger-Repellent-Charcoal/dp/B09CV24TMK,Bennett™ Mystic Unisex Adult Men's Laptop Bag 15.6 inch Side Shoulder Briefcase Satchel Messenger Business Bags for Men & Women Front Pocket for Laptop Accessories - Black (6 Month Warranty),452.,4.0 out of 5 stars,"6,868"
https://www.amazon.in/TRUE-Emperor-Anti-Theft-backpack-charging/dp/B0BYB631NR,"TRUE HUMAN® Emperor Anti-Theft Pocket backpack With USB charging Port Laptop,office,college,travel bag for men and women(Epower)",499,3.7 out of 5 stars,458
https://www.amazon.in/Killer-Backpack-Compartments-Polyester-Waterproof/dp/B07C9XHZT1,KILLER Louis 38L Large Laptop Backpack With 3 Compartments Polyester Trendy Waterproof Travel Backpack,"1,749",4.4 out of 5 stars,"9,468"
https://www.amazon.in/Murano-Casual-daybackpack-Office-College/dp/B0BX9GLFD6,Murano Louis 10ltr Casual daybackpack/Office & Travel Bag/School Bag/College Bag/Men/Women/Girl/Boy (Dark Grey),189,3.4 out of 5 stars,140
https://www.amazon.in/gp/bestsellers/luggage/2917442031/ref=sr_bs_13_2917442031_1,DEIN KLEIDER Men's Nylon Messenger Bag,346,4.0 out of 5 stars,"5,541"
https://www.amazon.in/American-Tourister-LAPTOP-BACKPACK-POLYESTER/dp/B0BLCXMTZ7,American Tourister Spin Laptop Backpack 28L Polyester Black-Medium,"1,199",3.9 out of 5 stars,64
https://www.amazon.in/Sfane-Women-Trendy-Black-Duffel/dp/B07GCR84D9,"Sfane Polyester 9.05 Black Men & Women Trendy Black Sports Duffle Gym Bag, Shoulder Bag",309,4.2 out of 5 stars,"1,339"
https://www.amazon.in/Glowic-Grocery-Shoulder-Handbags-College/dp/B0CGK13VC7,"Glowic Canvas Grocery, Travel, Beach | Shoulder Handbags Women, College Bags for Girls Stylish Trendy(WBAG-83) (Cream)",529,3.2 out of 5 stars,33
https://www.amazon.in/Casual-Backpack-Charging-Laptop-Compartment/dp/B07J46KLFP,"FUR JADEN 15.6 Inch Laptop Backpack 25 LTR Bag for School, College and Office with USB Charging Port",429,3.9 out of 5 stars,"10,499"
https://www.amazon.in/Corduroy-Reusable-Shopping-Washable-Shoulder/dp/B0BNX437F8,PALAY® Tote Bags For Women Bag Corduroy Large Capacity Reusable Shopping Bag Washable Shoulder Bags HandBags for School Work Shopping Travel Daily Use Grocery,488,4.3 out of 5 stars,99
https://www.amazon.in/Business-Casual-Resistant-Laptop-Backpack/dp/B0862V2GKH,MI Business Casual 21L Water Resistant Laptop Backpack,749,4.4 out of 5 stars,"1,436"
https://www.amazon.in/gp/bestsellers/luggage/2917450031/ref=sr_bs_4_2917450031_1,Skybags Trooper 55 Cms Small Cabin Polycarbonate Hard Sided 4 Spinner Wheels Luggage/Suitcase/Trolley Bag- Red and White,"2,699",4.2 out of 5 stars,"19,881"
https://www.amazon.in/Amazon-Basics-Messenger-Shoulder-MacBook/dp/B00DUGZFWY,"Amazon Basics Messenger Laptop Bag with Handle & Shoulder Strap fits upto 15.6"" Laptop / MacBook for Men & Women (Black)",729,4.2 out of 5 stars,"50,121"
https://www.amazon.in/Bagneeds-Synthetic-Leather-Briefcase-Messenger/dp/B0855F8174,Bagneeds Men's Black Synthetic Leather Briefcase Best Laptop Messenger Bag Satchel for Men,683,4.1 out of 5 stars,"4,783"
https://www.amazon.in/Amazon-Basics-Laptop-Backpack-Repellent/dp/B09W43XLBY,"Amazon Basics Water Repellent and Wear Resistant Laptop Backpack - 24L, Blue",599,4.2 out of 5 stars,636
https://www.amazon.in/Amazon-Brand-Reusable-Eco-Friendly-Multi-Purpose/dp/B08TTMMGYT,"Amazon Brand – Eono Reusable Tote Bags, 100% Organic Cotton Shopping/Grocery Bag, Multi-Purpose Bag, Sturdy Canvas Bag With 15kgs Capacity, Single Pack (Good Vibes)",179,3.8 out of 5 stars,"1,232"
https://www.amazon.in/Wildcraft-Typo_Blk-Casual-Backpack-11619-Typo_Blk/dp/B079MBFH5V,Wildcraft 35 ltrs (19 Cms) Casual Backpack(11619-Typo_Blk_Black),"1,495",4.2 out of 5 stars,413
https://www.amazon.in/Adjustable-Waterproof-Breathable-Anti-Shock-Compatible/dp/B0C58X3CRX,"Amazon Basics Classic Camera Shoulder Bag, Adjustable Strap, Waterproof material, Breathable Mesh, Anti-Shock, Compatible with Nikon, Canon and Sony Mirrorless Cameras",549,3.6 out of 5 stars,6
https://www.amazon.in/Half-Moon-Curiosity-Backpack-Resistant/dp/B09S3ZK3N1,"Half Moon Curiosity 35L Water Resistant 15.6"" Laptop Bag for Men/Backpack for Men, Black | Office Bag for Men/Office Bag for Women with Padded Laptop Compartment | Rain Cover & Slim Durable Backpack",689,3.8 out of 5 stars,199
https://www.amazon.in/Ezee-Garbage-Bags-48x54-Medium/dp/B074CW3JV4,"Ezee Garbage Bags - 48X54 Cm (6 Rolls, 180 Bags, Medium, Black, plastic)",269,4.2 out of 5 stars,"8,595"
https://www.amazon.in/POLESTAR-Backpack-Compartment-Polyester-Warranty/dp/B0BMQ2HXYP,"POLESTAR Bold 42 L Bag for College, School, Office, Casual Multipurpose Backpack with 15.6"" Laptop Compartment, Water Resistant, Unisex Design, Stylish & Durable, 1 Year Warranty",729,3.8 out of 5 stars,"2,000"
https://www.amazon.in/AirCase-C24-Messenger-Shoulder-Compartments/dp/B07Y3DB5YZ,"AirCase Office Sling Messenger Bag fits upto 14.1"" Laptop/Macbook, Detachable Shoulder Strap, Waterproof, Shockproof, Carry Handle with Spacious Pockets, For Men & Women, Blue",729,4.0 out of 5 stars,"1,748"
https://www.amazon.in/Aristocrat-Zeal-Unisex-Grey-Laptop/dp/B0B5YHC1W5,Aristrocrat Unisex Laptop Bag Grey,499,4.4 out of 5 stars,35
https://www.amazon.in/Wesley-Milestone-Waterproof-Backpack-Business/dp/B07PLKV6D1,"Wesley Unisex Milestone Casual Waterproof Laptop Office School College Business Travel Backpack 25 L (Dimensions: 12.5x18 inches) (Compatible with 15.6 inch laptops), Grey",399,4.3 out of 5 stars,"13,583"
https://www.amazon.in/ADISA-Laptop-Backpack-College-z-Black/dp/B09TPY1G1W,ADISA 15.6 inch laptop backpack office bag college travel back pack 32 Ltrs,399,3.9 out of 5 stars,"1,393"
https://www.amazon.in/ADISA-Womens-Girls-Party-Crossbody/dp/B0B2WBJ2H8,ADISA Women's Girls Party Sling Bag Crossbody,289,4.0 out of 5 stars,689
https://www.amazon.in/AmazonBasics-Vacuum-Compression-Storage-Bags/dp/B07RP7WHHY,"amazon basics PlasticVacuum Compression Storage Bags With Hand Pump - 6-Pack (2 Jumbo, 2 Large, 2 Medium)",749,4.4 out of 5 stars,"9,264"
https://www.amazon.in/Nivia-5177BK-Polyester-String-Black/dp/B071XM6PSM,Nivia String Bag Polyester Made for Men Waterproof/Drawstring Backpack (Black),156,4.1 out of 5 stars,"1,979"
https://www.amazon.in/HAMMONDS-FLYCATCHER-Genuine-Shoulder-Messenger/dp/B07P2TQH78,"HAMMONDS FLYCATCHER Genuine Leather Laptop Bag for Men - Office Bag, Brown Color - Fits Up to 14/15.6/16 Inch Laptop/MacBook - Laptop Messenger Bags/Leather Bag for Men with Adjustable Shoulder Strap","2,365",4.3 out of 5 stars,"5,202"
https://www.amazon.in/ROZEN-School-partition-Collage-Backpack/dp/B0BRTDXVZC,"ROZEN 47 Ltrs, 46 cms School Bag Class 5-12 Large 5 partition Laptop Collage Office Travel Backpack Unisex",697,4.1 out of 5 stars,342
https://www.amazon.in/Casual-Backpack-Charging-Laptop-Compartment/dp/B07J46KLFP,"FUR JADEN 15.6 Inch Laptop Backpack 25 LTR Bag for School, College and Office with USB Charging Port",429,3.9 out of 5 stars,"10,499"
https://www.amazon.in/Amazon-Basics-Laptop-Backpack-Repellent/dp/B09W43XLBY,"Amazon Basics Water Repellent and Wear Resistant Laptop Backpack - 24L, Blue",599,4.2 out of 5 stars,636
https://www.amazon.in/Backpack-Business-Backpacks-Charging-Resistant/dp/B094DGX84G,"FUR JADEN Travel Laptop Backpack, Business Backpacks with USB Charging Port, Water Resistant College School Computer Bag for Men & Women Fits Under 15.6 inch Laptop and Notebook",979,4.3 out of 5 stars,610
https://www.amazon.in/Heart-Home-Garbage-Dustbin-HS41HEARTHH24001/dp/B09DSKVLBG,Heart Home Small OXO-Biodegradable Waste Bags|30 Bags Roll|Leak Proof & Odour Free|Easy Disposal|Size 43 x 48 CM (Black)-HS41HEARTHH24001 (Plastic),59,3.9 out of 5 stars,323
https://www.amazon.in/TRAWOC-Travel-Backpack-Compartment-Women-Olivegreen/dp/B0CFFLCBKZ,TRAWOC Travel Backpack - 40 Litre Laptop Bag with Rain Cover & Shoe Compartment - Versatile Casual Bag - Ideal Backpack for Men and Women,"1,345",5.0 out of 5 stars,1
https://www.amazon.in/Paarsv-Tamper-Courier-Without-Jacket/dp/B018E1O6LU,SECUREMENT® Tamper Proof Courier Bags with Pod Jacket documen pouch 10x 14 (100 Pcs),325,4.1 out of 5 stars,314
https://www.amazon.in/Safari-Spartan-Water-Resistant-Backpack/dp/B09B277CR5,"Safari Spartan 21 Ltrs Water Resistant Backpack - Teal, S (SPARTAN19CBTEA)",599,3.8 out of 5 stars,"1,075"
https://www.amazon.in/Wildcraft-Music-Backpack-Green-11954/dp/B07N2SBX54,Wildcraft Unisex Zip Closure Backpack (Green_Free Size),"1,019",4.4 out of 5 stars,384
https://www.amazon.in/Amazon-Brand-Presto-Oxo-Biodegradable-Garbage/dp/B08TDCGCPK,"Amazon Brand - Presto! Oxo-Biodegradable Garbage Bags, Small - 30 bags/roll (Pack of 3, Green, For Wet Waste)",189,4.3 out of 5 stars,635
https://www.amazon.in/ROZEN-School-partition-Collage-Backpack/dp/B0BRTDXVZC,"ROZEN 47 Ltrs, 46 cms School Bag Class 5-12 Large 5 partition Laptop Collage Office Travel Backpack Unisex",697,4.1 out of 5 stars,342
https://www.amazon.in/Backpack-Business-Backpacks-Charging-Resistant/dp/B094DGX84G,"FUR JADEN Travel Laptop Backpack, Business Backpacks with USB Charging Port, Water Resistant College School Computer Bag for Men & Women Fits Under 15.6 inch Laptop and Notebook",979,4.3 out of 5 stars,610
https://www.amazon.in/PUMA-Casual-Backpack-IND-Black-CASTLEROCK/dp/B08BTD8YZP,PUMA Casual Backpack IND II Black-CASTLEROCK,"1,019",4.1 out of 5 stars,279
https://www.amazon.in/TRAWOC-Travel-Backpack-Compartment-Women-Olivegreen/dp/B0CFFLCBKZ,TRAWOC Travel Backpack - 40 Litre Laptop Bag with Rain Cover & Shoe Compartment - Versatile Casual Bag - Ideal Backpack for Men and Women,"1,345",5.0 out of 5 stars,1
https://www.amazon.in/Genie-Moonlight-compartments-Lightweight-Travelling/dp/B097PGGTNJ,"Genie Moonlight Laptop Backpack for Women, 3 compartments, Water Resistant and Lightweight Bags for Office and Travelling Purpose. 36 litres. (19 inch) Black colour",899,4.5 out of 5 stars,17
https://www.amazon.in/Wildcraft-Music-Backpack-Green-11954/dp/B07N2SBX54,Wildcraft Unisex Zip Closure Backpack (Green_Free Size),"1,019",4.4 out of 5 stars,384
https://www.amazon.in/Tabelito%C2%AE-Basic-Laptop-Sleeve-Surfacepro/dp/B09NDTW8SP,Tabelito® Basic Laptop Bag Laptop Cover Laptop Bags Laptop Sleeve Office Bag Laptop Bag 15.6 inch(39.6cm) Laptop Apple/Lenovo/Asus/Hp/MacBook/Thinkpad/Ideapad (Grey),257,4.1 out of 5 stars,"2,554"
https://www.amazon.in/Half-Moon-Rucksack-Bags-Compartment/dp/B09S14TTG6,"Half Moon 40L Waterproof Laptop Bag | Rucksack Bags for Men/Trekking Bags for Men, Polyester, Black | With Laptop Compartment & Rain cover | For Trekking, Hiking, Travel Backpack for Men & Women",689,3.8 out of 5 stars,148
https://www.amazon.in/ROZEN-School-partition-Collage-Backpack/dp/B0BRTCFQ5G,"ROZEN 47 Ltrs, 46 cms School Bag Class 5-12 Large 5 partition Laptop Collage Office Travel Backpack Unisex",697,4.1 out of 5 stars,342
https://www.amazon.in/FATMUG-Laptop-Bag-Men-Convertible/dp/B084LF4RT5,"FATMUG Laptop Bag For Men - Convertible Backpack For Office And Travel (Dark Grey,Oxford Fabric)","1,699",4.4 out of 5 stars,"2,589"
https://www.amazon.in/ASUS-VP4700-Backpack-Reflective-Suitable/dp/B0937G637K,"ASUS TUF Gaming VP4700 46.5 cm X 30.0 cm X13.0 cm Backpack (Black), with Roll-Up Design, Reflective Logo, Suitable for up to 46.5 cm Laptop","1,699",4.0 out of 5 stars,111
https://www.amazon.in/Amazon-Basics-Laptop-Backpack-Repellent/dp/B09W43XLBY,"Amazon Basics Water Repellent and Wear Resistant Laptop Backpack - 24L, Blue",599,4.2 out of 5 stars,636
https://www.amazon.in/Adjustable-Waterproof-Breathable-Anti-Shock-Compatible/dp/B0C58X3CRX,"Amazon Basics Classic Camera Shoulder Bag, Adjustable Strap, Waterproof material, Breathable Mesh, Anti-Shock, Compatible with Nikon, Canon and Sony Mirrorless Cameras",549,3.6 out of 5 stars,6
https://www.amazon.in/Heart-Home-Garbage-Dustbin-HS41HEARTHH24001/dp/B09DSKVLBG,Heart Home Small OXO-Biodegradable Waste Bags|30 Bags Roll|Leak Proof & Odour Free|Easy Disposal|Size 43 x 48 CM (Black)-HS41HEARTHH24001 (Plastic),59,3.9 out of 5 stars,323
https://www.amazon.in/ASUS-VP5700-Backpack-Repellent-Suitable/dp/B093HGZMHV,"ASUS TUF Gaming VP5700 46.14 cm Backpack (Black), with Water Repellent Fabric, Suitable for up to 43.18 cm Laptop","1,099",4.4 out of 5 stars,276
https://www.amazon.in/Ezee-Garbage-Bags-48x54-Medium/dp/B074CW3JV4,"Ezee Garbage Bags - 48X54 Cm (6 Rolls, 180 Bags, Medium, Black, plastic)",269,4.2 out of 5 stars,"8,595"
https://www.amazon.in/ASUS-VP4700-Backpack-Reflective-Suitable/dp/B0937G637K,"ASUS TUF Gaming VP4700 46.5 cm X 30.0 cm X13.0 cm Backpack (Black), with Roll-Up Design, Reflective Logo, Suitable for up to 46.5 cm Laptop","1,699",4.0 out of 5 stars,111
https://www.amazon.in/ZOUK-Handmade-Leather-Handles-Multicolor/dp/B09QRYDXJH,ZOUK Women Laptop Bag Royal Indian Peacock Motif,"1,529",4.4 out of 5 stars,180
https://www.amazon.in/Killer-Backpack-Compartments-Polyester-Waterproof/dp/B07CDD6YS2,KILLER Louis 38L Large Laptop Backpack With 3 Compartments Polyester Trendy Waterproof Travel Backpack,"1,749",4.4 out of 5 stars,"9,468"
https://www.amazon.in/LOOKMUSTER-Waterproof-Backpack-College-Business/dp/B0BS6YGKMC,LOOKMUSTER Casual Waterproof Laptop Backpack/Office Bag/School Bag/College Bag/Business Bag/Travel Backpack…,434,4.0 out of 5 stars,59
https://www.amazon.in/American-Tourister-27O-70-003/dp/B073XL19QZ,American Tourister Jamaica 80 Cms Large Check-in Polyester Soft Sided 4 Spinner Wheels Luggage (Wine Red),"4,199",4.3 out of 5 stars,"5,844"
https://www.amazon.in/Lavie-MARMA-Womens-Sling-Bag/dp/B07KMBNKXZ,Lavie Women's Marma Dome Sling Bag| Ladies Purse Handbag,929,4.0 out of 5 stars,"3,244"
https://www.amazon.in/Half-Moon-Rucksack-Bags-Compartment/dp/B09S14TTG6,"Half Moon 40L Waterproof Laptop Bag | Rucksack Bags for Men/Trekking Bags for Men, Polyester, Black | With Laptop Compartment & Rain cover | For Trekking, Hiking, Travel Backpack for Men & Women",689,3.8 out of 5 stars,148
https://www.amazon.in/Amazon-Basics-Laptop-College-Backpack/dp/B0C8NX7HTX,"Amazon Basics Opel Laptop Bag/Office/College Backpack for 15.6 inch laptop(20 L, Black)",509,3.9 out of 5 stars,157
https://www.amazon.in/Zureni-OXO-Biodegradable-Drawstring-Anti-drip-Warehouse/dp/B0BTHC4F2T,"Zureni OXO-Biodegradable Garbage Dustbin Bags (Large, 60 x 81 cm) Drawstring Anti-drip Trash Waste Basket Bag for Kitchen Office Warehouse Pantry (Black, Green, Blue, 3 x 15 Pcs/Roll)",149,4.2 out of 5 stars,608
https://www.amazon.in/Tabelito-NEO-Backpack-Business-Compartment/dp/B0C2D2GPWJ,"Tabelito® NEO 3O L Water Resistant Laptop/College/Office/School/Travel/Business Bag, Unisex Backpack for Men Women Fits Up to 15.6 Inch Laptop Notebook.",349,3.8 out of 5 stars,293
https://www.amazon.in/Foldable-Laundry-Capacity-Quality-Combination/dp/B0BRFRVQMX,"GLUN® Round Shape Foldable Laundry Bag Capacity of 45 Ltr, Non Woven Toys and Cloth Bag, Grey and Black Combination Pack of 1",161,3.8 out of 5 stars,116
https://www.amazon.in/ZaySoo-Stylish-Backpack-College-Business/dp/B0BVZL49N8,ZaySoo Stylish Casual Laptop Backpack/Office Bag/College Bag/Business Bag/Travel Backpack - Navyblue,307,5.0 out of 5 stars,2
https://www.amazon.in/ASUS-VP5700-Backpack-Repellent-Suitable/dp/B093HGZMHV,"ASUS TUF Gaming VP5700 46.14 cm Backpack (Black), with Water Repellent Fabric, Suitable for up to 43.18 cm Laptop","1,099",4.4 out of 5 stars,276
https://www.amazon.in/HARISSONS-15-6-inch-Backpack-Organizers-Detachable/dp/B07M5P5LW3,"HARISSONS Bags Vervo 15.6-inch Laptop/Travel/Casual Backpack for Men and Women with Rain Cover (Black, 40 Ltrs) | Quick Access Zippered Pocket, Detailed Organizers & a Detachable Key Chain Holder","2,583",4.4 out of 5 stars,"2,027"
https://www.amazon.in/Dyazo-Resistant-Compatible-laptops-Notebooks/dp/B09BFV96TS,"Dyazo Water Resistant Laptop Sleeve with Handle Compatible for 15 Inch to 15.6"" Inches laptops & Notebooks - Grey",284,4.3 out of 5 stars,"5,195"
https://www.amazon.in/ADISA-SL5038-women-girls-sling/dp/B08Q4FHQLN,ADISA SL5038 women girls sling bag,389,4.0 out of 5 stars,"2,944"
https://www.amazon.in/NIVIA-Polyester-Shoulder-Compartment-Accessories/dp/B07NJGW3WX,NIVIA Beast Gym Bag-4 Polyester/Unisex Gym Bags/Shoulder Bag for Men & Women with Separate Shoes Compartment/Carry Gym Accessories/Fitness Bag/Sports & Travel Bag/Sports Kit (Navy Blue),489,4.0 out of 5 stars,142
https://www.amazon.in/Artistix-Alpine-Laptop-Backpack-Business/dp/B08SVV5HZY,"ARTISTIX Alpine Business Class Series | Anti Theft Laptop Backpack (32 Litre, 15.6 inch) (Black)","1,783",4.4 out of 5 stars,"1,230"
https://www.amazon.in/F-Gear-Milestone-Casual-Laptop-Backpack/dp/B08FX1R6WY,F Gear Milestone Olive Casual 20 Ltrs Laptop Backpack (3376),"1,155",4.0 out of 5 stars,855
https://www.amazon.in/Travel-Duffle-Premium-Leatherette-Medium/dp/B086MZDG7H,Fur Jaden Tan Leatherette Gym Bag for Men Women Boys Girls Travel Duffle Weekender Bag 23L,479,4.3 out of 5 stars,"1,843"
https://www.amazon.in/Half-Moon-Hercules-Travelling-Compartment/dp/B0CJ3FDW3K,Half Moon Hercules 55L Travelling Laptop Bag/Rucksack Backpack for Luggage Travel Journey Trekking Hiking Bags for Men Women Boys and Girls with Laptop Compartment & Rain Cover (Black),689,5.0 out of 5 stars,4
https://www.amazon.in/Tabelito%C2%AE-Delta-Waterproof-Backpack-Compatible/dp/B0BLK1Z7DQ,"Tabelito® DELTA Casual Waterproof Laptop Backpack/Office Bag/School Bag/College Bag/Business Bag/Unisex Travel Backpack (Compatible with 15.6 inch Laptop) 30 L, (6 Month Warranty)",539,4.3 out of 5 stars,208
https://www.amazon.in/ADISA-Laptop-Backpack-Office-College/dp/B09TPVD964,ADISA 15.6 inch laptop backpack office bag college travel back pack 32 Ltrs,399,3.9 out of 5 stars,"1,393"
https://www.amazon.in/Corduroy-Reusable-Shopping-Washable-Shoulder/dp/B0BNX437F8,PALAY® Tote Bags For Women Bag Corduroy Large Capacity Reusable Shopping Bag Washable Shoulder Bags HandBags for School Work Shopping Travel Daily Use Grocery,488,4.3 out of 5 stars,99
https://www.amazon.in/Delrin-Backpack-Motorcycle-Waterproof-Programmable/dp/B0CBSGG3LX,"Delrin LED Backpack with APP Working, Laptop Bag Motorcycle Riding Backpack Waterproof Backpack with Programmable and Color Screen, Travel Backpack 25 ltrs (48 Cms) (Black)","18,219.",5.0 out of 5 stars,2
https://www.amazon.in/House-Quirk-Maternity-Backpack-Elephant/dp/B07QV7SH4S,House of Quirk Baby Diaper Bag Maternity Backpack (Blue Elephant Printed),"1,315",4.3 out of 5 stars,"4,013"
https://www.amazon.in/AirCase-C24-Messenger-Shoulder-Compartments/dp/B07Y3DB5YZ,"AirCase Office Sling Messenger Bag fits upto 14.1"" Laptop/Macbook, Detachable Shoulder Strap, Waterproof, Shockproof, Carry Handle with Spacious Pockets, For Men & Women, Blue",729,4.0 out of 5 stars,"1,748"
https://www.amazon.in/CRALOFT-Premium-Water-resistant-Compact-S5/dp/B0BRV3HVZ4,"CRALOFT Premium 9 Inch Mini Sling Bag for Men and Women, Small Travel Bag with Water-resistant, Compact, and Sturdy Small Sling Bag (S5, Black with Radium Bar)",589,4.3 out of 5 stars,253
https://www.amazon.in/Trajectory-Elegant-15-6-Laptop-Office/dp/B09RK6NCGC,Trajectory 15.6 Inch Vegan Leather Messenger Laptop bag for men in Office for all laptop like Apple MacBook with 2 Years Warranty and Spacious Multiple Compartment with Expandable Bottom Used as Shoulder and Handbag for Men,"1,329",4.1 out of 5 stars,540
https://www.amazon.in/NORTH-ZONE-Restant-Office-Backpack/dp/B0CJ38KTFS,NORTH ZONE 30L Water Restant Office Laptop Bag/Backpack for Men/Women/(Black),449,4.0 out of 5 stars,1
https://www.amazon.in/PLAYY-BAGS-Polyester-Business-Shoulder/dp/B0CJC93HDH,PLAYY BAGS Small 12 L daypack Small Bag for Daily Use - 2 Compartment Mini daypack,224,,M.R.P: 
https://www.amazon.in/DZert-School-Backpacks-Cartoon-Marshall/dp/B07WKM1YZC,DZert Kids School Bag Soft Plush Backpacks Cartoon Boys Girls Baby (2-5 Years),229,3.7 out of 5 stars,"8,318"
https://www.amazon.in/PLAYY-BAGS-Polyester-Business-Shoulder/dp/B0CJC93HDH,PLAYY BAGS Small 12 L daypack Small Bag for Daily Use - 2 Compartment Mini daypack,224,,M.R.P: 
https://www.amazon.in/Corduroy-Reusable-Shopping-Washable-Shoulder/dp/B0BNX437F8,PALAY® Tote Bags For Women Bag Corduroy Large Capacity Reusable Shopping Bag Washable Shoulder Bags HandBags for School Work Shopping Travel Daily Use Grocery,488,4.3 out of 5 stars,99
https://www.amazon.in/DZert-Polyester-Black-White-Backpack/dp/B07GXX2BP3,DZert Clasy Laptop Bag College Bag for Boys Girls 21 L Red Black,339,3.8 out of 5 stars,"2,611"
https://www.amazon.in/HAMMONDS-FLYCATCHER-Laptop-Bag-Men/dp/B083M1QK32,HAMMONDS FLYCATCHER Laptop Bag for Men - Genuine Leather Messenger Shoulder Bag - Fits 14/15.6/16 Inch Laptops - Brown Office Bag - Multiple Pockets -Water Resistant -Executive Bag for Work and Travel,"4,716",4.4 out of 5 stars,590
https://www.amazon.in/HP-15-6-inch-Backpack-Pass-Through-793A7AA/dp/B0BYDWD4VL,HP 330 15.6-inch Laptop Backpack/Trolley Pass-Through; Padded Back Panel; Padded air mesh Panel/Hand wash and air Dry/1 Year Limited Warranty (793A7AA),799,4.3 out of 5 stars,8
https://www.amazon.in/DAHSHA-Sling-Messenger-Bag-Grey/dp/B09CGDFNBV,"DAHSHA Nylon Stylish Small 6 Multi-Pocket Zip Closure Sling Cross Body Travel Messenger One Side Shoulder Bag for Men & Women (Grey, 25 x 10 x 20 CM)",545,4.0 out of 5 stars,857
https://www.amazon.in/Wildcraft-ltrs-Cms-backpack-204493566_black/dp/B07GNGG435,Wildcraft 18 ltrs (7 Cms) backpack(204493566_black),"2,095",4.1 out of 5 stars,188
https://www.amazon.in/AirCase-Premium-Waterproof-Neoprene-Warranty/dp/B07JBBKD5S,"AirCase Premium Laptop Bag with 6 Pockets fits Upto 15.6"" Laptop/MacBook, Wrinkle Free, Padded, Waterproof Light Neoprene case Cover Sleeve Pouch, for Men & Women,Ash- 6 Months Warranty",598,4.4 out of 5 stars,"4,266"
https://www.amazon.in/NORTH-ZONE-Restant-Office-Backpack/dp/B0CJ38KTFS,NORTH ZONE 30L Water Restant Office Laptop Bag/Backpack for Men/Women/(Black),449,4.0 out of 5 stars,1
https://www.amazon.in/Essentials-Laptop-Sleeve-13-3-Inch-Accessories/dp/B09RF47WDL,"Gizga Essentials Laptop Bag Sleeve Case Cover Pouch for 13.3 Inch Laptop for Men & Women, Padded Laptop Compartment, Free Accessories Pouch, Premium Zipper Closure, Water Repellent Nylon Fabric, Grey",298,4.1 out of 5 stars,114
https://www.amazon.in/DZert-School-Backpacks-Cartoon-Marshall/dp/B07WKM1YZC,DZert Kids School Bag Soft Plush Backpacks Cartoon Boys Girls Baby (2-5 Years),229,3.7 out of 5 stars,"8,318"
https://www.amazon.in/gp/bestsellers/luggage/2917440031/ref=sr_bs_11_2917440031_1,Boldfit Waist Bag for Men Fanny Pack for Women Fanny Pack for Men Waist Bag for Women Chest Bag for Women Waist Pouch for Men Waist Bag for Boys Waist Bags for Girls Fanny Bag - Black,349,4.1 out of 5 stars,"1,292"
https://www.amazon.in/Gear-LOGI-Q-Resistant-Backpack-Black-White/dp/B0BTJ2VV17,Gear LOGI-Q 27L Medium Water Resistant Anti-Theft Laptop Bag/Backpack/Office Bag with Trolley Sleevefor Men/Women (Black-White),645,4.7 out of 5 stars,7
https://www.amazon.in/ADISA-Women-Girls-Floral-SL5072-CRE_Cream/dp/B09B56BCXR,ADISA Women Girls Floral Print Sling Bag,349,4.2 out of 5 stars,"1,269"
https://www.amazon.in/Dell-Pro-Slim-Backpack-15/dp/B07PMQTB6T,"Dell Pro Slim Backpack 15 - PO1520PS - Fits Most laptops up to 38.1 cm (15 inches, Black)","1,599",4.3 out of 5 stars,499
https://www.amazon.in/Lunars-Router-Resistant-Raincover-Organiser/dp/B08YR63B9M,"Lunar's 35 L Laptop Office/School/Travel/Business Backpack Water Proof - Fits Up to 15.6 Inch Laptop Notebook, With Raincover, Inside Organiser and 1 Year Warranty (All)",747,3.8 out of 5 stars,"1,159"
https://www.amazon.in/Dell-Pro-Slim-Backpack-15/dp/B07PMQTB6T,"Dell Pro Slim Backpack 15 - PO1520PS - Fits Most laptops up to 38.1 cm (15 inches, Black)","1,599",4.3 out of 5 stars,499
https://www.amazon.in/Lunars-Router-Resistant-Raincover-Organiser/dp/B08YR63B9M,"Lunar's 35 L Laptop Office/School/Travel/Business Backpack Water Proof - Fits Up to 15.6 Inch Laptop Notebook, With Raincover, Inside Organiser and 1 Year Warranty (All)",747,3.8 out of 5 stars,"1,159"
https://www.amazon.in/Right-Choice-Stylish-College-Backpack/dp/B07ZVXDHCK,RIGHT CHOICE quality stylish casual backpack daily use unisex typography college bags (Boys and Girls),299,3.5 out of 5 stars,"1,012"
https://www.amazon.in/Amazon-Brand-Solimo-Underbed-Storage/dp/B084MS8LTW,Amazon Brand - Solimo Rectangular Rexine Jumbo Underbed Storage Bag with Zipper and Handle- 18.9 x 23.62 x 14.17 Inches (Black and White),339,4.2 out of 5 stars,"1,137"
https://www.amazon.in/Skybags-Unisex-Black-Fabric-Backpacks/dp/B0B21YQX55,Skybags Unisex Gucci Fabric Backpacks,945,3.9 out of 5 stars,523
https://www.amazon.in/Safari-Polyester-Cms-Travel-KRYPTON17DFBLU_Blue/dp/B097L2RSF1,Safari Polyester 24 Cms Travel Bag(KRYPTON17DFBLU_Blue),449,3.7 out of 5 stars,108
https://www.amazon.in/Tabelito-NEXA-Backpack-Business-Compartment/dp/B0C2D3YR7T,"Tabelito® NEXA 3O L Water Resistant Laptop/College/Office/School/Travel/Business Bag, Unisex Backpack for Men Women Fits Up to 15.6 Inch Laptop Notebook",349,4.0 out of 5 stars,176
https://www.amazon.in/Amazon-Basics-Laptop-College-Backpack/dp/B0C8NSJ4RD,"Amazon Basics Opel Laptop Bag/Office/College Backpack for 15.6 inch laptop(20 L, Grey)",499,4.0 out of 5 stars,7
https://www.amazon.in/Genie-Flamenco2-Backpack-Compatible-Resistant/dp/B08YF9VHTY,Genie Flamenco2 Casual Backpacks for Women,649,4.4 out of 5 stars,"1,632"
https://www.amazon.in/Professional-Photographers-Waterproof-Lightweight-Accessories/dp/B0C58VVFQT,"Amazon Basics Camera Bag with Tripod Holder for Beginner and Professional Photographers, Waterproof Cover, Lightweight, Removable Dividers for All DSLR/SLR Cameras and Accessories",949,4.3 out of 5 stars,997
https://www.amazon.in/Safari-Polycarbonate-Printed-Hardsided-Luggage/dp/B08CRYJMQC,Safari RAY VOYAGE 53 Cms Small Cabin Polycarbonate (PC) Hard Sided 4 Wheels 360 Degree Wheeling System Printed Luggage/Suitcase/Trolley Bag (Blue),"2,299",3.9 out of 5 stars,"2,575"
https://www.amazon.in/DAHSHA-Bag-Business-Messenger-Shoulder/dp/B07GCLJTZF,DAHSHA Stylish Nylon Small Sling Cross Body Travel Bag for Business Office Messenger One Side Shoulder Carry Handbag Bag For Men & Women (35X18x25 CM-grey),695,3.9 out of 5 stars,474
https://www.amazon.in/Amazon-Brand-Reusable-Eco-Friendly-Multi-Purpose/dp/B08TTMMGYT,"Amazon Brand – Eono Reusable Tote Bags, 100% Organic Cotton Shopping/Grocery Bag, Multi-Purpose Bag, Sturdy Canvas Bag With 15kgs Capacity, Single Pack (Good Vibes)",179,3.8 out of 5 stars,"1,232"
https://www.amazon.in/LuvLap-Travel-Multifunctional-Waterproof-Bag-Backpack/dp/B07W6Z8XKB,LuvLap Lily Travel Multifunctional Waterproof Diaper Bag-Backpack Cum Tote bag (Black),"1,099",4.4 out of 5 stars,"1,048"
https://www.amazon.in/JD-Expandable-Waterproof-Sakura-Pink/dp/B0BRNP6M1D,"JD Fresh Nylon 41 Liter Expandable Travel Bags for Women, Duffle Bags for Women Luggage, Foldable Vanity Traveling Bag, Waterproof Hand Bag for Ladies Personal Items (Sakura Pink,41 x 22 x 26 CM cm)",731,3.9 out of 5 stars,424
https://www.amazon.in/Shalimar-Premium-OXO-Biodegradable-Drawstring/dp/B0BNXLV3H8,Shalimar Premium OXO - Biodegradable Drawstring Garbage Bags 19 X 21 Inches (Medium) 120 Bags (4 rolls) Dustbin Bag/Trash Bag - Black Color,392,4.3 out of 5 stars,40
https://www.amazon.in/Professional-Photographers-Waterproof-Lightweight-Accessories/dp/B0C58VVFQT,"Amazon Basics Camera Bag with Tripod Holder for Beginner and Professional Photographers, Waterproof Cover, Lightweight, Removable Dividers for All DSLR/SLR Cameras and Accessories",949,4.3 out of 5 stars,997
https://www.amazon.in/Safari-Polycarbonate-Printed-Hardsided-Luggage/dp/B08CRYJMQC,Safari RAY VOYAGE 53 Cms Small Cabin Polycarbonate (PC) Hard Sided 4 Wheels 360 Degree Wheeling System Printed Luggage/Suitcase/Trolley Bag (Blue),"2,299",3.9 out of 5 stars,"2,575"
https://www.amazon.in/DAHSHA-Bag-Business-Messenger-Shoulder/dp/B07GCLJTZF,DAHSHA Stylish Nylon Small Sling Cross Body Travel Bag for Business Office Messenger One Side Shoulder Carry Handbag Bag For Men & Women (35X18x25 CM-grey),695,3.9 out of 5 stars,474
https://www.amazon.in/Amazon-Brand-Reusable-Eco-Friendly-Multi-Purpose/dp/B08TTMMGYT,"Amazon Brand – Eono Reusable Tote Bags, 100% Organic Cotton Shopping/Grocery Bag, Multi-Purpose Bag, Sturdy Canvas Bag With 15kgs Capacity, Single Pack (Good Vibes)",179,3.8 out of 5 stars,"1,232"
https://www.amazon.in/LuvLap-Travel-Multifunctional-Waterproof-Bag-Backpack/dp/B07W6Z8XKB,LuvLap Lily Travel Multifunctional Waterproof Diaper Bag-Backpack Cum Tote bag (Black),"1,099",4.4 out of 5 stars,"1,048"
https://www.amazon.in/JD-Expandable-Waterproof-Sakura-Pink/dp/B0BRNP6M1D,"JD Fresh Nylon 41 Liter Expandable Travel Bags for Women, Duffle Bags for Women Luggage, Foldable Vanity Traveling Bag, Waterproof Hand Bag for Ladies Personal Items (Sakura Pink,41 x 22 x 26 CM cm)",731,3.9 out of 5 stars,424
https://www.amazon.in/Shalimar-Premium-OXO-Biodegradable-Drawstring/dp/B0BNXLV3H8,Shalimar Premium OXO - Biodegradable Drawstring Garbage Bags 19 X 21 Inches (Medium) 120 Bags (4 rolls) Dustbin Bag/Trash Bag - Black Color,392,4.3 out of 5 stars,40
https://www.amazon.in/Martucci-Waterproof-Backpack-College-Business/dp/B0BRJRVH6D,Martucci Jersey 45L Casual Waterproof Laptop Backpack/Office Bag/School Bag/College Bag/Business Bag/Unisex Travel Backpack,765,3.8 out of 5 stars,273
https://www.amazon.in/Lify-Womens-Shoulder-Crossbody-Handbag/dp/B09JWKDG6R,Lify Women's Retro Large Size Canvas Shoulder Bag Hobo Crossbody Handbag Casual Tote - 1 Piece,320,3.8 out of 5 stars,"1,855"
https://www.amazon.in/gp/bestsellers/computers/1375466031/ref=sr_bs_9_1375466031_1,Bennett™ Mystic Formal Business Briefcase Bag Crossbody Messenger College Bags For Men Women MacBook INoteBook ITablet Laptop Upto 15.6 Inch | Handbags with Shoulder Straps (Blue) 6 Months Warranty,452,4.0 out of 5 stars,"6,868"
https://www.amazon.in/Nivia-Deflate-5180BK-Polyester-Round/dp/B07222KX3S,NIVIA Deflate Round 01 Polyester Gym Bag/Unisex Gym Bags/Adjustable Shoulder Bag for Men/Duffle Gym Bags for Men/Carry Gym Accessories/Fitness Bag/Sports &Travel Bag/Gym kit Bag (Black),400.,4.2 out of 5 stars,"5,993"
https://www.amazon.in/Number-Backpack-Compartment-Charging-Organizer/dp/B09VTC876Z,"FUR JADEN Anti Theft Number Lock Backpack Bag with 15.6 Inch Laptop Compartment, USB Charging Port & Organizer Pocket for Men Women Boys Girls",739,4.1 out of 5 stars,"6,645"
https://www.amazon.in/American-Tourister-Backpack-Organizer-Compatible/dp/B0C8649NY8,American Tourister Shaw Large Size Unisex Laptop Backpack with Organizer Pockets| Compatible with 17 inch Laptop - Teal,"1,049",3.2 out of 5 stars,19
https://www.amazon.in/Lavie-Odiase-Womens-Satchel-Handbag/dp/B08SW9RJ75,Lavie Women's Odiase Medium Satchel Bag | Ladies Purse Handbag,"1,249",4.1 out of 5 stars,"2,400"
https://www.amazon.in/Puma-Polyester-Cms-Duffle-7837502_Peach/dp/B089T8WD46,Puma Unisex Gym Bag IND,649,4.0 out of 5 stars,213
https://www.amazon.in/Storite-Sling-Bag-Shoulder-25-5cmx7cmx20cm/dp/B09P3RQPCG,Storite Stylish Small PU Leather Sling Cross Body Travel Office Business Messenger One Side Shoulder Bag for Men Women (25.5 x7x20cm),749,4.0 out of 5 stars,285
https://www.amazon.in/Genie-compartments-Resistant-Lightweight-Travelling/dp/B097JJ64SH,"Genie Fringe Laptop Backpack for Women, 3 compartments, Stylish and Trendy College Bags for Girls, Water Resistant and Lightweight Bags for Office and Travelling Purpose. 36 litres","1,124",4.3 out of 5 stars,24
https://www.amazon.in/Good-Friends-Backpack-Students-Waterproof/dp/B0BPF4QWV2,Good Friends Laptop Bag/Backpack for Boys Girls/Office School College Teens & Students Waterproof School Bag,494,,M.R.P: 
https://www.amazon.in/Wildcraft-Ltrs-Black-Rucksack-8903338073840/dp/B01G5I8VDS,Wildcraft 45 Ltrs Black Rucksack (8903338073840) (Extra Large Size),"1,499",4.3 out of 5 stars,"1,095"
https://www.amazon.in/Lifelong-LLGB02-Adjustable-Shoulder-Accessories/dp/B0BW3QZBQH,"Lifelong LLGB02 Gym Bag|Unisex Gym Bags|Adjustable Shoulder Bag for Men|Duffle Gym Bags for Men|Carry Gym Accessories|Fitness Bag|Sports &Travel Bag|Gym kit Bag (Black, 6 Months Warranty)",379,3.4 out of 5 stars,73
https://www.amazon.in/Lavie-Malgana-Womens-Tote-Bag/dp/B07PJBJPV9,Lavie Women's Malnov Tote Bag | Ladies Purse Handbag,799,4.1 out of 5 stars,"5,396"
https://www.amazon.in/Gear-Executive-Anti-Theft-Backpack-BKPPKREXE0101/dp/B097KCMQKG,Gear Parker 23L Water Resistant Anti Theft Laptop Bag/Backpack for Men/Women - Black,695,4.3 out of 5 stars,491
https://www.amazon.in/Kuber-Industries-Biodegradable-Warehouse-Washroom/dp/B0C3QR3YJV,"Kuber Industries 30 Biodegradable Garbage Bags Small|Plastic Dustbin Bags|Trash Bags For Kitchen, Office, Warehouse, Pantry or Washroom 5 LTR (Black)",63,3.8 out of 5 stars,554
https://www.amazon.in/Half-Moon-Waterproof-Rucksack-Compartment/dp/B085MF4HD3,Half Moon 50L Water-Resistant Laptop Travelling Rucksack Trekking Backpack/Bag for Luggage Travel for Men Women Boys and Girls with Laptop Compartment & Rain Cover (Navy Blue),689,3.9 out of 5 stars,471
https://www.amazon.in/EUME-Travel-Laptop-Backpack-Massager/dp/B07NYD814H,"EUME Move - 40L Premium Travel Backpack for Men, Black | Massager Rucksacks & Hiking Bags | Travel Bag, Trekking Backpacks with Detachable Rain Cover | Premium Laptop Bag | Cloths, Toiletry Pouch & Shoe Compartment","6,999",4.1 out of 5 stars,175
https://www.amazon.in/TRUE-Anti-Theft-backpack-charging-Epower_B/dp/B0BYBDX8VP,"TRUE HUMAN® Emperor Anti-Theft Pocket backpack With USB charging Port Laptop,office,college,travel bag for men and women(Epower)",499,3.7 out of 5 stars,458
https://www.amazon.in/Wolpin-Foldable-Shopping-Bag-Grocery/dp/B0B21SYHMB,"Wolpin Foldable Shopping Bag for Grocery - Folds to Pocket Size, Tote Grocery Shoulder Handbag Travel Bag for Men and Women (40 x 40 cm)",229,3.9 out of 5 stars,295
https://www.amazon.in/OMRON-BAGS-Compartment-Black-Blue/dp/B0BN34FSF4,"OMRON BAGS Large 35 L Laptop Backpack With 3 Compartment Office, Travel And College For Men And Women",725,4.7 out of 5 stars,6
https://www.amazon.in/Half-Moon-Maverick-Spacious-Compartment/dp/B0C16VZCK7,"Half Moon Maverick 35L Unisex Spacious School/Laptop/College/Office Travel Backpack Bag for Men Women Boys & Girls with 15.6 inch Padded Laptop Compartment, Multiple Pockets & Rain Cover",549,3.7 out of 5 stars,68
https://www.amazon.in/Dell-Pro-Slim-Backpack-15/dp/B07PMQTB6T,"Dell Pro Slim Backpack 15 - PO1520PS - Fits Most laptops up to 38.1 cm (15 inches, Black)","1,599",4.3 out of 5 stars,499
https://www.amazon.in/Street27%C2%AE-Canvas-Corduroy-Tote-Multi-Purpose/dp/B0BQCBHJLP,"Street27® Korean Canvas Corduroy Tote Bag Casual Work Shoulder Handbags | Multi-Purpose Bag |Sturdy Canvas Bag with Large Capacity | Shopping Bag for Office, College & Daily Use",474,4.0 out of 5 stars,137
https://www.amazon.in/Hyper-Adam-Backpack-Trekking-Rucksack/dp/B09S14YRMQ,Hyper Adam 80L Travel Backpack for Outdoor Sport Camp Hiking Trekking Bag Camping Rucksack,"1,563",4.1 out of 5 stars,388
https://www.amazon.in/Half-Moon-Maverick-Spacious-Compartment/dp/B0C16VZCK7,"Half Moon Maverick 35L Unisex Spacious School/Laptop/College/Office Travel Backpack Bag for Men Women Boys & Girls with 15.6 inch Padded Laptop Compartment, Multiple Pockets & Rain Cover",549,3.7 out of 5 stars,68
https://www.amazon.in/Dell-Pro-Slim-Backpack-15/dp/B07PMQTB6T,"Dell Pro Slim Backpack 15 - PO1520PS - Fits Most laptops up to 38.1 cm (15 inches, Black)","1,599",4.3 out of 5 stars,499
https://www.amazon.in/Street27%C2%AE-Canvas-Corduroy-Tote-Multi-Purpose/dp/B0BQCBHJLP,"Street27® Korean Canvas Corduroy Tote Bag Casual Work Shoulder Handbags | Multi-Purpose Bag |Sturdy Canvas Bag with Large Capacity | Shopping Bag for Office, College & Daily Use",474,4.0 out of 5 stars,137
https://www.amazon.in/Hyper-Adam-Backpack-Trekking-Rucksack/dp/B09S14YRMQ,Hyper Adam 80L Travel Backpack for Outdoor Sport Camp Hiking Trekking Bag Camping Rucksack,"1,563",4.1 out of 5 stars,388
https://www.amazon.in/DARK-HORSE-Briefcase-Messenger-Compartment/dp/B0BJZF92F6,"DARK HORSE Laptop Bag Leather Briefcase 15.6 Inch Messenger Bag Satchel for Men, Padded Laptop Compartment 12 Liters , Water Resistant Shoulder Bag with Strap, Durable Office Bag, for Laptop",799,4.0 out of 5 stars,152
https://www.amazon.in/Hammonds-Flycatcher-Leather-Messenger-LB106BU/dp/B0851H1WS5,"HAMMONDS FLYCATCHER Genuine Leather Laptop Bag for Men - Office Bag, Royal Blue - Fits Up to 14/15.6/16 Inch Laptop/MacBook - Laptop Messenger Bags/Leather Bag for Men with Adjustable Shoulder Strap","2,365",4.3 out of 5 stars,"5,202"
https://www.amazon.in/gp/bestsellers/electronics/4175441031/ref=sr_bs_6_4175441031_1,Dyazo Water Resistant Camera Backpack with Extra Front Pocket Photographers Bag with Rain Cover Tripod Holder Compatible for Sony Nikon Canon Panasonic DSLR (Black & Orange),698,4.2 out of 5 stars,726
https://www.amazon.in/Lavie-Sport-School-Backpack-BDEI322019M3/dp/B07VFNPD23,Lavie Sport Jarvis Backpack with Laptop Sleeve | Sturdy Backpack for Men & Women | College Bags for Girls & Boys,849,4.2 out of 5 stars,243
https://www.amazon.in/Gear-Bounce-Backpack-Grey-Orange-BKPBOUNCE0604/dp/B097KCLF5F,Gear Bounce 27L Medium Water Resistant School Bag/Casual Backpack/Daypack/College Bag for Men/Women (Grey-Orange),589,3.6 out of 5 stars,529
https://www.amazon.in/Stylbase-Spider-man-Polyester-Character-Embossed/dp/B0BNL2MJQQ,"Stylbase 15 inches Kids 3D Cartoon Backpack - Lightweight, Waterproof, Adjustable Shoulder Straps, 3 Compartments, Bottle Holder - Perfect for School and Outdoor Adventures",543,4.0 out of 5 stars,211
https://www.amazon.in/Martucci-Waterproof-Backpack-College-Business/dp/B0B1HM2ZGX,Martucci 16 inch 36L Casual Waterproof Backpack/Office Bag/School Bag/College Bag/Business Bag/Unisex Travel Backpack,545,4.0 out of 5 stars,281
https://www.amazon.in/POLESTAR-Backpack-compartment-polyester-warranty/dp/B09RWTQ1VW,"POLESTAR Noble 32 L Bag for College, School, Office, Casual Multipurpose Backpack with 15.6"" Laptop Compartment, Water Resistant, Unisex Design, Stylish & Durable, 1 Year Warranty",579,3.9 out of 5 stars,"17,856"
https://www.amazon.in/Shalimar-Premium-OXO-Biodegradable-Garbage/dp/B08DHV38W8,SHALIMAR Premium Oxo - Biodegradable Garbage Bags 17 X 19 Inches (Small) 120 Bags (4 Rolls) Dustbin Bag/Trash Bag - Green Color,185,4.4 out of 5 stars,"5,225"
https://www.amazon.in/Gear-Classic-Leather-Backpack-LBPCLSLTH0101/dp/B07G4D13LB,Gear Classic 20L Small Faux Leather Water Resistant Anti Theft Laptop Bag/Office Backpack for Men/Women-Black,799,4.4 out of 5 stars,"2,791"
https://www.amazon.in/Lunars-Small-Bag-Daily-Use/dp/B08N47VTFQ,Lunar's Small Bag for Daily Use - 1 Compartment Mini Backpack for Hiking Camping Rucksack (Black),305,4.0 out of 5 stars,585
https://www.amazon.in/Caprese-Yondella-Womens-Sling-Peach/dp/B07B9FBW14,Caprese Yondella Women's Sling Bag,999,4.1 out of 5 stars,"1,321"
https://www.amazon.in/Caprese-Yondella-Womens-Sling-Peach/dp/B07B9FBW14,Caprese Yondella Women's Sling Bag,999,4.1 out of 5 stars,"1,321"
https://www.amazon.in/Safari-Polyester-Softsided-Luggage-PRISMA554WBLU/dp/B07FZCHTV8,Safari Prisma 55 cms Small Cabin Polyester Soft Sided 4 Spinner Wheels Luggage/Suitcase/Trolley Bag (Red),"2,199",4.2 out of 5 stars,"9,362"
